header,sequence,bb_rmsd,mean_plddt,folded_path,sample_path,seq_recovery
codesign_seq_1,KVIVYTIVVYNTKTGKVTVIDVPAKTPAEAKAIADALADAFPDWVVTVI,0.8843927850717529,87.43180847167969,sc_tmp/eval/original/sc_output/r11_233_TrROS_Hall/0/folded/folded_codesign_seq_1.pdb,../datasets/AlphaFold_model_PDBs/r11_233_TrROS_Hall.pdb,0.2857142686843872
codesign_seq_1,KIIVYTIVLKNKKTGKVVVIKVKAKTKAEAKAIADKIKKLFPDWDVKLI,0.7278796927355946,88.51041412353516,sc_tmp/eval/original/sc_output/r11_233_TrROS_Hall/1/folded/folded_codesign_seq_1.pdb,../datasets/AlphaFold_model_PDBs/r11_233_TrROS_Hall.pdb,0.3265306055545807
codesign_seq_1,KVIVFTVVLYDKNTGKLTVINVPAKTLEEALKFAEKLKELFPNWEVTLI,0.8436974927936024,77.76002502441406,sc_tmp/eval/original/sc_output/r11_233_TrROS_Hall/2/folded/folded_codesign_seq_1.pdb,../datasets/AlphaFold_model_PDBs/r11_233_TrROS_Hall.pdb,0.44897958636283875
codesign_seq_1,ATTTYTVVVTDTNTGATTTIKIAAPTAAAALAAAAALAAANPNVTVTLT,1.7145865903445348,81.70310974121094,sc_tmp/eval/original/sc_output/r11_233_TrROS_Hall/3/folded/folded_codesign_seq_1.pdb,../datasets/AlphaFold_model_PDBs/r11_233_TrROS_Hall.pdb,0.3265306055545807
codesign_seq_1,KIYTYNIVIYDKNTGKIKIIKVKAKTKKEALKFAKKLKEKFPNKKIKII,0.7818496010126028,79.60424041748047,sc_tmp/eval/original/sc_output/r11_233_TrROS_Hall/4/folded/folded_codesign_seq_1.pdb,../datasets/AlphaFold_model_PDBs/r11_233_TrROS_Hall.pdb,0.44897958636283875
codesign_seq_1,PLLTFTLVLRDTRTGETTVVDVVAPTPAAALAAAAALAAAFPDVEVTLV,0.7802601911728284,89.91378784179688,sc_tmp/eval/original/sc_output/r11_233_TrROS_Hall/5/folded/folded_codesign_seq_1.pdb,../datasets/AlphaFold_model_PDBs/r11_233_TrROS_Hall.pdb,0.30612245202064514
codesign_seq_1,PLITYLIVIKNEKTGKTVVIPVVAPTKEAAKAIAEKIKKLFPNWKVKLI,0.849182262772979,86.83895111083984,sc_tmp/eval/original/sc_output/r11_233_TrROS_Hall/6/folded/folded_codesign_seq_1.pdb,../datasets/AlphaFold_model_PDBs/r11_233_TrROS_Hall.pdb,0.40816324949264526
codesign_seq_1,PIITYTLTVTNTVTGATVTIDIPAATPAAAAAAAAALAAAFPDWTVTLT,0.8063646634072659,86.06695556640625,sc_tmp/eval/original/sc_output/r11_233_TrROS_Hall/7/folded/folded_codesign_seq_1.pdb,../datasets/AlphaFold_model_PDBs/r11_233_TrROS_Hall.pdb,0.2448979616165161
codesign_seq_1,PVLVFKVVLKNPKTGEVVVIDVPAPTPEEALAVAKALADAFPDWEVTVV,0.892820538893871,87.93692016601562,sc_tmp/eval/original/sc_output/r11_233_TrROS_Hall/8/folded/folded_codesign_seq_1.pdb,../datasets/AlphaFold_model_PDBs/r11_233_TrROS_Hall.pdb,0.30612245202064514
codesign_seq_1,PVITYTLVLYDPRTGELVVVDVPAPTPAAALAAAAALAAAFPDVVVTLV,0.6687441640151933,87.9950942993164,sc_tmp/eval/original/sc_output/r11_233_TrROS_Hall/9/folded/folded_codesign_seq_1.pdb,../datasets/AlphaFold_model_PDBs/r11_233_TrROS_Hall.pdb,0.2857142686843872
codesign_seq_1,PIYVYTLVVTNTKTGEVTVINVPAKTPAEAKAIADALAAAFPDWVVTLL,0.6163421105005633,90.79801177978516,sc_tmp/eval/original/sc_output/r11_233_TrROS_Hall/10/folded/folded_codesign_seq_1.pdb,../datasets/AlphaFold_model_PDBs/r11_233_TrROS_Hall.pdb,0.3265306055545807
codesign_seq_1,KIIDFLLIIYDEKTGKKIVIKVKAKTLEEAKKIAEDIKKKFPNWKVKLI,1.0628716309472506,83.67179870605469,sc_tmp/eval/original/sc_output/r11_233_TrROS_Hall/11/folded/folded_codesign_seq_1.pdb,../datasets/AlphaFold_model_PDBs/r11_233_TrROS_Hall.pdb,0.5306122303009033
codesign_seq_1,PVLVFTVVLYNPVTGEVVVIDIPAPTAAAAAAAAAALAAALPDWTVVLV,0.677305249988685,91.16183471679688,sc_tmp/eval/original/sc_output/r11_233_TrROS_Hall/12/folded/folded_codesign_seq_1.pdb,../datasets/AlphaFold_model_PDBs/r11_233_TrROS_Hall.pdb,0.2857142686843872
codesign_seq_1,PVITYKITLYNTTTGKTVDIDVKAPTAAAAKAVADALAAAFPNWTVTLL,0.6625329632712764,88.60372924804688,sc_tmp/eval/original/sc_output/r11_233_TrROS_Hall/13/folded/folded_codesign_seq_1.pdb,../datasets/AlphaFold_model_PDBs/r11_233_TrROS_Hall.pdb,0.2857142686843872
codesign_seq_1,PVLTYLLVLYDPATGALVVVAVPAPDPAAALAAAAALAALLPGWAVTLL,0.7029725477651344,89.6184310913086,sc_tmp/eval/original/sc_output/r11_233_TrROS_Hall/14/folded/folded_codesign_seq_1.pdb,../datasets/AlphaFold_model_PDBs/r11_233_TrROS_Hall.pdb,0.26530611515045166
codesign_seq_1,AAITYLLVLYDTETGETVVVPVVAKTPAEAKAIAEAIAAAFPNVKVTLV,0.5245079940192315,89.96875762939453,sc_tmp/eval/original/sc_output/r11_233_TrROS_Hall/15/folded/folded_codesign_seq_1.pdb,../datasets/AlphaFold_model_PDBs/r11_233_TrROS_Hall.pdb,0.3877550959587097
codesign_seq_1,KIITYKIKIYDKKTGKKIKINVKAKSKKEAEKIAKEIKKKFPNWKVTIE,0.45764689139787723,83.1238021850586,sc_tmp/eval/original/sc_output/r11_233_TrROS_Hall/16/folded/folded_codesign_seq_1.pdb,../datasets/AlphaFold_model_PDBs/r11_233_TrROS_Hall.pdb,0.4897959232330322
codesign_seq_1,KVITYKIVLYDEKTGKTVVINVKAKTLAEAIKVAEDLKKAFPDVKVTLI,0.7548819436910756,87.51197052001953,sc_tmp/eval/original/sc_output/r11_233_TrROS_Hall/17/folded/folded_codesign_seq_1.pdb,../datasets/AlphaFold_model_PDBs/r11_233_TrROS_Hall.pdb,0.44897958636283875
codesign_seq_1,PVIVYKIVVYNPKTGEVVVINVKAKTPAEALAFAKKLAEAFPDWIVVVI,0.7782428586521081,86.83447265625,sc_tmp/eval/original/sc_output/r11_233_TrROS_Hall/18/folded/folded_codesign_seq_1.pdb,../datasets/AlphaFold_model_PDBs/r11_233_TrROS_Hall.pdb,0.26530611515045166
codesign_seq_1,KVITFKLVLKDNKTGKTTVIKVKAKTLEEALKIAKKIKDAFPNVTVKLV,0.592892435965719,85.2981185913086,sc_tmp/eval/original/sc_output/r11_233_TrROS_Hall/19/folded/folded_codesign_seq_1.pdb,../datasets/AlphaFold_model_PDBs/r11_233_TrROS_Hall.pdb,0.40816324949264526
